{  "id" : 0,  "animation" : "idle",  "position" : {    "xpos" : 0,    "ypos" : 0,    "tilex" : 0,    "tiley" : 0  },  "animations" : {    "allFrames" : [ "f4_nightsorrow_attack_000.png","f4_nightsorrow_attack_001.png","f4_nightsorrow_attack_002.png","f4_nightsorrow_attack_003.png","f4_nightsorrow_attack_004.png","f4_nightsorrow_attack_005.png","f4_nightsorrow_attack_006.png","f4_nightsorrow_attack_007.png","f4_nightsorrow_attack_008.png","f4_nightsorrow_attack_009.png","f4_nightsorrow_attack_010.png","f4_nightsorrow_attack_011.png","f4_nightsorrow_attack_012.png","f4_nightsorrow_attack_013.png","f4_nightsorrow_breathing_000.png","f4_nightsorrow_breathing_001.png","f4_nightsorrow_breathing_002.png","f4_nightsorrow_breathing_003.png","f4_nightsorrow_breathing_004.png","f4_nightsorrow_breathing_005.png","f4_nightsorrow_breathing_006.png","f4_nightsorrow_breathing_007.png","f4_nightsorrow_breathing_008.png","f4_nightsorrow_breathing_009.png","f4_nightsorrow_breathing_010.png","f4_nightsorrow_breathing_011.png","f4_nightsorrow_breathing_012.png","f4_nightsorrow_breathing_013.png","f4_nightsorrow_death_000.png","f4_nightsorrow_death_001.png","f4_nightsorrow_death_002.png","f4_nightsorrow_death_003.png","f4_nightsorrow_death_004.png","f4_nightsorrow_death_005.png","f4_nightsorrow_death_006.png","f4_nightsorrow_death_007.png","f4_nightsorrow_death_008.png","f4_nightsorrow_death_009.png","f4_nightsorrow_death_010.png","f4_nightsorrow_hit_000.png","f4_nightsorrow_hit_001.png","f4_nightsorrow_hit_002.png","f4_nightsorrow_idle_000.png","f4_nightsorrow_idle_001.png","f4_nightsorrow_idle_002.png","f4_nightsorrow_idle_003.png","f4_nightsorrow_idle_004.png","f4_nightsorrow_idle_005.png","f4_nightsorrow_idle_006.png","f4_nightsorrow_idle_007.png","f4_nightsorrow_idle_008.png","f4_nightsorrow_idle_009.png","f4_nightsorrow_idle_010.png","f4_nightsorrow_idle_011.png","f4_nightsorrow_run_000.png","f4_nightsorrow_run_001.png","f4_nightsorrow_run_002.png","f4_nightsorrow_run_003.png","f4_nightsorrow_run_004.png","f4_nightsorrow_run_005.png","f4_nightsorrow_run_006.png","f4_nightsorrow_run_007.png" ],    "frameDIR": "assets/game/extra/units/f4_nightsorrow/",    "idle" : {      "frameStartEndIndices" : [ 0, 0 ],      "fps" : 8,      "loop" : true    },    "death" : {      "frameStartEndIndices" : [ 0, 0 ],      "fps" : 8,      "loop" : false    },    "attack" : {      "frameStartEndIndices" : [ 0, 0 ],      "fps" : 8,      "loop" : false    },    "move" : {      "frameStartEndIndices" : [ 0, 0 ],      "fps" : 8,      "loop" : true    },    "channel" : {      "frameStartEndIndices" : [ 0, 0 ],      "fps" : 8,      "loop" : true    },    "hit" : {      "frameStartEndIndices" : [ 0, 0 ],      "fps" : 8,      "loop" : false    }  },  "correction" : {    "imgWidth" : 80,    "imgHeight" : 80,    "scale": 1.5,    "offsetX": 0,    "offsetY": 10,    "spriteTopLeftX" : 0,    "spriteTopLeftY" : 0,    "reflected" : false  }}