{  "id" : 0,  "animation" : "idle",  "position" : {    "xpos" : 0,    "ypos" : 0,    "tilex" : 0,    "tiley" : 0  },  "animations" : {    "allFrames" : [ "neutral_monster_explodingdemon_attack_000.png","neutral_monster_explodingdemon_attack_001.png","neutral_monster_explodingdemon_attack_002.png","neutral_monster_explodingdemon_attack_003.png","neutral_monster_explodingdemon_attack_004.png","neutral_monster_explodingdemon_attack_005.png","neutral_monster_explodingdemon_attack_006.png","neutral_monster_explodingdemon_attack_007.png","neutral_monster_explodingdemon_breathing_000.png","neutral_monster_explodingdemon_breathing_001.png","neutral_monster_explodingdemon_breathing_002.png","neutral_monster_explodingdemon_breathing_003.png","neutral_monster_explodingdemon_breathing_004.png","neutral_monster_explodingdemon_breathing_005.png","neutral_monster_explodingdemon_breathing_006.png","neutral_monster_explodingdemon_breathing_007.png","neutral_monster_explodingdemon_breathing_008.png","neutral_monster_explodingdemon_breathing_009.png","neutral_monster_explodingdemon_breathing_010.png","neutral_monster_explodingdemon_breathing_011.png","neutral_monster_explodingdemon_breathing_012.png","neutral_monster_explodingdemon_breathing_013.png","neutral_monster_explodingdemon_death_000.png","neutral_monster_explodingdemon_death_001.png","neutral_monster_explodingdemon_death_002.png","neutral_monster_explodingdemon_death_003.png","neutral_monster_explodingdemon_death_004.png","neutral_monster_explodingdemon_death_005.png","neutral_monster_explodingdemon_death_006.png","neutral_monster_explodingdemon_explode_000.png","neutral_monster_explodingdemon_explode_001.png","neutral_monster_explodingdemon_explode_002.png","neutral_monster_explodingdemon_explode_003.png","neutral_monster_explodingdemon_explode_004.png","neutral_monster_explodingdemon_explode_005.png","neutral_monster_explodingdemon_explode_006.png","neutral_monster_explodingdemon_explode_007.png","neutral_monster_explodingdemon_explode_008.png","neutral_monster_explodingdemon_explode_009.png","neutral_monster_explodingdemon_explode_010.png","neutral_monster_explodingdemon_explode_011.png","neutral_monster_explodingdemon_explode_012.png","neutral_monster_explodingdemon_explode_013.png","neutral_monster_explodingdemon_explode_014.png","neutral_monster_explodingdemon_explode_015.png","neutral_monster_explodingdemon_explode_016.png","neutral_monster_explodingdemon_explode_017.png","neutral_monster_explodingdemon_explode_018.png","neutral_monster_explodingdemon_hit_000.png","neutral_monster_explodingdemon_hit_001.png","neutral_monster_explodingdemon_hit_002.png","neutral_monster_explodingdemon_idle_000.png","neutral_monster_explodingdemon_idle_001.png","neutral_monster_explodingdemon_idle_002.png","neutral_monster_explodingdemon_idle_003.png","neutral_monster_explodingdemon_idle_004.png","neutral_monster_explodingdemon_idle_005.png","neutral_monster_explodingdemon_idle_006.png","neutral_monster_explodingdemon_idle_007.png","neutral_monster_explodingdemon_idle_008.png","neutral_monster_explodingdemon_idle_009.png","neutral_monster_explodingdemon_idle_010.png","neutral_monster_explodingdemon_idle_011.png","neutral_monster_explodingdemon_run_000.png","neutral_monster_explodingdemon_run_001.png","neutral_monster_explodingdemon_run_002.png","neutral_monster_explodingdemon_run_003.png","neutral_monster_explodingdemon_run_004.png","neutral_monster_explodingdemon_run_005.png","neutral_monster_explodingdemon_run_006.png","neutral_monster_explodingdemon_run_007.png" ],    "frameDIR": "assets/game/extra/units/neutral_monster_explodingdemon/",    "idle" : {      "frameStartEndIndices" : [ 51, 62 ],      "fps" : 8,      "loop" : true    },    "death" : {      "frameStartEndIndices" : [ 22, 28 ],      "fps" : 8,      "loop" : false    },    "attack" : {      "frameStartEndIndices" : [ 0, 7 ],      "fps" : 8,      "loop" : false    },    "move" : {      "frameStartEndIndices" : [ 63, 70 ],      "fps" : 8,      "loop" : true    },    "channel" : {      "frameStartEndIndices" : [ 8, 21 ],      "fps" : 8,      "loop" : true    },    "hit" : {      "frameStartEndIndices" : [ 48, 50 ],      "fps" : 8,      "loop" : false    }  },  "correction" : {    "imgWidth" : 80,    "imgHeight" : 80,    "scale": 1.5,    "offsetX": 0,    "offsetY": 10,    "spriteTopLeftX" : 0,    "spriteTopLeftY" : 0,    "reflected" : false  }}