{  "id" : 0,  "animation" : "idle",  "position" : {    "xpos" : 0,    "ypos" : 0,    "tilex" : 0,    "tiley" : 0  },  "animations" : {    "allFrames" : [ "neutral_saberspinemk2_attack_000.png","neutral_saberspinemk2_attack_001.png","neutral_saberspinemk2_attack_002.png","neutral_saberspinemk2_attack_003.png","neutral_saberspinemk2_attack_004.png","neutral_saberspinemk2_attack_005.png","neutral_saberspinemk2_attack_006.png","neutral_saberspinemk2_attack_007.png","neutral_saberspinemk2_attack_008.png","neutral_saberspinemk2_attack_009.png","neutral_saberspinemk2_breathing_000.png","neutral_saberspinemk2_breathing_001.png","neutral_saberspinemk2_breathing_002.png","neutral_saberspinemk2_breathing_003.png","neutral_saberspinemk2_breathing_004.png","neutral_saberspinemk2_breathing_005.png","neutral_saberspinemk2_breathing_006.png","neutral_saberspinemk2_breathing_007.png","neutral_saberspinemk2_breathing_008.png","neutral_saberspinemk2_breathing_009.png","neutral_saberspinemk2_death_000.png","neutral_saberspinemk2_death_001.png","neutral_saberspinemk2_death_002.png","neutral_saberspinemk2_death_003.png","neutral_saberspinemk2_death_004.png","neutral_saberspinemk2_death_005.png","neutral_saberspinemk2_death_006.png","neutral_saberspinemk2_death_007.png","neutral_saberspinemk2_hit_000.png","neutral_saberspinemk2_hit_001.png","neutral_saberspinemk2_hit_002.png","neutral_saberspinemk2_idle_000.png","neutral_saberspinemk2_idle_001.png","neutral_saberspinemk2_idle_002.png","neutral_saberspinemk2_idle_003.png","neutral_saberspinemk2_idle_004.png","neutral_saberspinemk2_idle_005.png","neutral_saberspinemk2_idle_006.png","neutral_saberspinemk2_idle_007.png","neutral_saberspinemk2_idle_008.png","neutral_saberspinemk2_idle_009.png","neutral_saberspinemk2_run_000.png","neutral_saberspinemk2_run_001.png","neutral_saberspinemk2_run_002.png","neutral_saberspinemk2_run_003.png","neutral_saberspinemk2_run_004.png","neutral_saberspinemk2_run_005.png","neutral_saberspinemk2_run_006.png","neutral_saberspinemk2_run_007.png" ],    "frameDIR": "assets/game/extra/units/neutral_saberspinemk2/",    "idle" : {      "frameStartEndIndices" : [ 0, 0 ],      "fps" : 8,      "loop" : true    },    "death" : {      "frameStartEndIndices" : [ 0, 0 ],      "fps" : 8,      "loop" : false    },    "attack" : {      "frameStartEndIndices" : [ 0, 0 ],      "fps" : 8,      "loop" : false    },    "move" : {      "frameStartEndIndices" : [ 0, 0 ],      "fps" : 8,      "loop" : true    },    "channel" : {      "frameStartEndIndices" : [ 0, 0 ],      "fps" : 8,      "loop" : true    },    "hit" : {      "frameStartEndIndices" : [ 0, 0 ],      "fps" : 8,      "loop" : false    }  },  "correction" : {    "imgWidth" : 80,    "imgHeight" : 80,    "scale": 1.5,    "offsetX": 15,    "offsetY": -5,    "spriteTopLeftX" : 0,    "spriteTopLeftY" : 0,    "reflected" : true  }}