{  "id" : 0,  "animation" : "idle",  "position" : {    "xpos" : 0,    "ypos" : 0,    "tilex" : 0,    "tiley" : 0  },  "animations" : {    "allFrames" : [ "neutral_golemrunesand_attack_000.png","neutral_golemrunesand_attack_001.png","neutral_golemrunesand_attack_002.png","neutral_golemrunesand_attack_003.png","neutral_golemrunesand_attack_004.png","neutral_golemrunesand_attack_005.png","neutral_golemrunesand_attack_006.png","neutral_golemrunesand_attack_007.png","neutral_golemrunesand_attack_008.png","neutral_golemrunesand_attack_009.png","neutral_golemrunesand_attack_010.png","neutral_golemrunesand_attack_011.png","neutral_golemrunesand_breathing_000.png","neutral_golemrunesand_breathing_001.png","neutral_golemrunesand_breathing_002.png","neutral_golemrunesand_breathing_003.png","neutral_golemrunesand_breathing_004.png","neutral_golemrunesand_breathing_005.png","neutral_golemrunesand_breathing_006.png","neutral_golemrunesand_breathing_007.png","neutral_golemrunesand_breathing_008.png","neutral_golemrunesand_breathing_009.png","neutral_golemrunesand_breathing_010.png","neutral_golemrunesand_breathing_011.png","neutral_golemrunesand_breathing_012.png","neutral_golemrunesand_breathing_013.png","neutral_golemrunesand_death_000.png","neutral_golemrunesand_death_001.png","neutral_golemrunesand_death_002.png","neutral_golemrunesand_death_003.png","neutral_golemrunesand_death_004.png","neutral_golemrunesand_death_005.png","neutral_golemrunesand_death_006.png","neutral_golemrunesand_death_007.png","neutral_golemrunesand_death_008.png","neutral_golemrunesand_hit_000.png","neutral_golemrunesand_hit_001.png","neutral_golemrunesand_hit_002.png","neutral_golemrunesand_idle_000.png","neutral_golemrunesand_idle_001.png","neutral_golemrunesand_idle_002.png","neutral_golemrunesand_idle_003.png","neutral_golemrunesand_idle_004.png","neutral_golemrunesand_idle_005.png","neutral_golemrunesand_idle_006.png","neutral_golemrunesand_idle_007.png","neutral_golemrunesand_idle_008.png","neutral_golemrunesand_idle_009.png","neutral_golemrunesand_idle_010.png","neutral_golemrunesand_idle_011.png","neutral_golemrunesand_idle_012.png","neutral_golemrunesand_idle_013.png","neutral_golemrunesand_run_000.png","neutral_golemrunesand_run_001.png","neutral_golemrunesand_run_002.png","neutral_golemrunesand_run_003.png","neutral_golemrunesand_run_004.png","neutral_golemrunesand_run_005.png","neutral_golemrunesand_run_006.png","neutral_golemrunesand_run_007.png" ],    "frameDIR": "assets/game/extra/units/neutral_golemrunesand/",    "idle" : {      "frameStartEndIndices" : [ 0, 0 ],      "fps" : 8,      "loop" : true    },    "death" : {      "frameStartEndIndices" : [ 0, 0 ],      "fps" : 8,      "loop" : false    },    "attack" : {      "frameStartEndIndices" : [ 0, 0 ],      "fps" : 8,      "loop" : false    },    "move" : {      "frameStartEndIndices" : [ 0, 0 ],      "fps" : 8,      "loop" : true    },    "channel" : {      "frameStartEndIndices" : [ 0, 0 ],      "fps" : 8,      "loop" : true    },    "hit" : {      "frameStartEndIndices" : [ 0, 0 ],      "fps" : 8,      "loop" : false    }  },  "correction" : {    "imgWidth" : 80,    "imgHeight" : 80,    "scale": 1.5,    "offsetX": 0,    "offsetY": 10,    "spriteTopLeftX" : 0,    "spriteTopLeftY" : 0,    "reflected" : true  }}