{  "id" : 0,  "animation" : "idle",  "position" : {    "xpos" : 0,    "ypos" : 0,    "tilex" : 0,    "tiley" : 0  },  "animations" : {    "allFrames" : [ "neutral_monsterflamewing_attack_000.png","neutral_monsterflamewing_attack_001.png","neutral_monsterflamewing_attack_002.png","neutral_monsterflamewing_attack_003.png","neutral_monsterflamewing_attack_004.png","neutral_monsterflamewing_attack_005.png","neutral_monsterflamewing_attack_006.png","neutral_monsterflamewing_attack_007.png","neutral_monsterflamewing_attack_008.png","neutral_monsterflamewing_attack_009.png","neutral_monsterflamewing_attack_010.png","neutral_monsterflamewing_attack_011.png","neutral_monsterflamewing_attack_012.png","neutral_monsterflamewing_attack_013.png","neutral_monsterflamewing_breathing_000.png","neutral_monsterflamewing_breathing_001.png","neutral_monsterflamewing_breathing_002.png","neutral_monsterflamewing_breathing_003.png","neutral_monsterflamewing_breathing_004.png","neutral_monsterflamewing_breathing_005.png","neutral_monsterflamewing_breathing_006.png","neutral_monsterflamewing_breathing_007.png","neutral_monsterflamewing_breathing_008.png","neutral_monsterflamewing_breathing_009.png","neutral_monsterflamewing_breathing_010.png","neutral_monsterflamewing_breathing_011.png","neutral_monsterflamewing_breathing_012.png","neutral_monsterflamewing_breathing_013.png","neutral_monsterflamewing_breathing_014.png","neutral_monsterflamewing_death_000.png","neutral_monsterflamewing_death_001.png","neutral_monsterflamewing_death_002.png","neutral_monsterflamewing_death_003.png","neutral_monsterflamewing_death_004.png","neutral_monsterflamewing_death_005.png","neutral_monsterflamewing_death_006.png","neutral_monsterflamewing_death_007.png","neutral_monsterflamewing_death_008.png","neutral_monsterflamewing_death_009.png","neutral_monsterflamewing_hurt_000.png","neutral_monsterflamewing_hurt_001.png","neutral_monsterflamewing_hurt_002.png","neutral_monsterflamewing_idle_000.png","neutral_monsterflamewing_idle_001.png","neutral_monsterflamewing_idle_002.png","neutral_monsterflamewing_idle_003.png","neutral_monsterflamewing_idle_004.png","neutral_monsterflamewing_idle_005.png","neutral_monsterflamewing_idle_006.png","neutral_monsterflamewing_idle_007.png","neutral_monsterflamewing_idle_008.png","neutral_monsterflamewing_idle_009.png","neutral_monsterflamewing_run_000.png","neutral_monsterflamewing_run_001.png","neutral_monsterflamewing_run_002.png","neutral_monsterflamewing_run_003.png","neutral_monsterflamewing_run_004.png","neutral_monsterflamewing_run_005.png","neutral_monsterflamewing_run_006.png","neutral_monsterflamewing_run_007.png" ],    "frameDIR": "assets/game/extra/units/neutral_monsterflamewing/",    "idle" : {      "frameStartEndIndices" : [ 0, 0 ],      "fps" : 8,      "loop" : true    },    "death" : {      "frameStartEndIndices" : [ 0, 0 ],      "fps" : 8,      "loop" : false    },    "attack" : {      "frameStartEndIndices" : [ 0, 0 ],      "fps" : 8,      "loop" : false    },    "move" : {      "frameStartEndIndices" : [ 0, 0 ],      "fps" : 8,      "loop" : true    },    "channel" : {      "frameStartEndIndices" : [ 0, 0 ],      "fps" : 8,      "loop" : true    },    "hit" : {      "frameStartEndIndices" : [ 0, 0 ],      "fps" : 8,      "loop" : false    }  },  "correction" : {    "imgWidth" : 80,    "imgHeight" : 80,    "scale": 1.5,    "offsetX": 0,    "offsetY": 10,    "spriteTopLeftX" : 0,    "spriteTopLeftY" : 0,    "reflected" : true  }}