{
	"id": 0,
	"cardname": "Swamp Entangler",
	"manacost": 1,
	"miniCard": {
		"cardTextures": [
			"assets/game/extra/cards/card_background.png",
			"assets/game/extra/cards/card_background_highlight.png"
		],
		"animationFrames": [],
		"fps": 10,
		"index": 0
	},
	"bigCard": {
		"rulesTextRows": [
			"Provoke"
		],
		"cardTextures": [
			"assets/game/extra/cards/neutral_unit_h.png"
		],
		"attack": 0,
		"health": 3
	},
	"isCreature": true,
	"unitConfig": "conf/gameconfs/units/swamp_entangler.json"
}