{
	"id": 0,
	"cardname": "Silverguard Knight",
	"manacost": 3,
	"miniCard": {
		"cardTextures": [
			"assets/game/extra/cards/card_background.png",
			"assets/game/extra/cards/card_background_highlight.png"
		],
		"animationFrames": [
			"assets/game/extra/units/f1_tank/f1_tank_run_000.png", "assets/game/extra/units/f1_tank/f1_tank_run_001.png", "assets/game/extra/units/f1_tank/f1_tank_run_002.png", "assets/game/extra/units/f1_tank/f1_tank_run_003.png", "assets/game/extra/units/f1_tank/f1_tank_run_004.png", "assets/game/extra/units/f1_tank/f1_tank_run_005.png", "assets/game/extra/units/f1_tank/f1_tank_run_006.png", "assets/game/extra/units/f1_tank/f1_tank_run_007.png"
		],
		"fps": 10,
		"index": 0
	},
	"bigCard": {
		"rulesTextRows": [
			"Provoke,",
			"If your avatar is dealt damage this",
			"unit gains +2/+0" 
		],
		"cardTextures": [
			"assets/game/extra/cards/neutral_unit_h.png"
		],
		"attack": 1,
		"health": 5
	},
	"isCreature": true,
	"unitConfig": "conf/gameconfs/units/silverguard_knight.json"
}