{  "id" : 0,  "animation" : "idle",  "position" : {    "xpos" : 0,    "ypos" : 0,    "tilex" : 0,    "tiley" : 0  },  "animations" : {    "allFrames" : [ "f1_silverguardsquire_attack_000.png","f1_silverguardsquire_attack_001.png","f1_silverguardsquire_attack_002.png","f1_silverguardsquire_attack_003.png","f1_silverguardsquire_attack_004.png","f1_silverguardsquire_attack_005.png","f1_silverguardsquire_attack_006.png","f1_silverguardsquire_attack_007.png","f1_silverguardsquire_attack_008.png","f1_silverguardsquire_attack_009.png","f1_silverguardsquire_attack_010.png","f1_silverguardsquire_attack_011.png","f1_silverguardsquire_attack_012.png","f1_silverguardsquire_breathing_000.png","f1_silverguardsquire_breathing_001.png","f1_silverguardsquire_breathing_002.png","f1_silverguardsquire_breathing_003.png","f1_silverguardsquire_breathing_004.png","f1_silverguardsquire_breathing_005.png","f1_silverguardsquire_breathing_006.png","f1_silverguardsquire_breathing_007.png","f1_silverguardsquire_breathing_008.png","f1_silverguardsquire_breathing_009.png","f1_silverguardsquire_breathing_010.png","f1_silverguardsquire_breathing_011.png","f1_silverguardsquire_breathing_012.png","f1_silverguardsquire_breathing_013.png","f1_silverguardsquire_death_000.png","f1_silverguardsquire_death_001.png","f1_silverguardsquire_death_002.png","f1_silverguardsquire_death_003.png","f1_silverguardsquire_death_004.png","f1_silverguardsquire_death_005.png","f1_silverguardsquire_death_006.png","f1_silverguardsquire_death_007.png","f1_silverguardsquire_death_008.png","f1_silverguardsquire_death_009.png","f1_silverguardsquire_death_010.png","f1_silverguardsquire_hit_000.png","f1_silverguardsquire_hit_001.png","f1_silverguardsquire_hit_002.png","f1_silverguardsquire_idle_000.png","f1_silverguardsquire_idle_001.png","f1_silverguardsquire_idle_002.png","f1_silverguardsquire_idle_003.png","f1_silverguardsquire_idle_004.png","f1_silverguardsquire_idle_005.png","f1_silverguardsquire_idle_006.png","f1_silverguardsquire_idle_007.png","f1_silverguardsquire_idle_008.png","f1_silverguardsquire_idle_009.png","f1_silverguardsquire_run_000.png","f1_silverguardsquire_run_001.png","f1_silverguardsquire_run_002.png","f1_silverguardsquire_run_003.png","f1_silverguardsquire_run_004.png","f1_silverguardsquire_run_005.png","f1_silverguardsquire_run_006.png","f1_silverguardsquire_run_007.png" ],    "frameDIR": "assets/game/extra/units/f1_silverguardsquire/",    "idle" : {      "frameStartEndIndices" : [ 0, 0 ],      "fps" : 8,      "loop" : true    },    "death" : {      "frameStartEndIndices" : [ 0, 0 ],      "fps" : 8,      "loop" : false    },    "attack" : {      "frameStartEndIndices" : [ 0, 0 ],      "fps" : 8,      "loop" : false    },    "move" : {      "frameStartEndIndices" : [ 0, 0 ],      "fps" : 8,      "loop" : true    },    "channel" : {      "frameStartEndIndices" : [ 0, 0 ],      "fps" : 8,      "loop" : true    },    "hit" : {      "frameStartEndIndices" : [ 0, 0 ],      "fps" : 8,      "loop" : false    }  },  "correction" : {    "imgWidth" : 80,    "imgHeight" : 80,    "scale": 1.5,    "offsetX": 0,    "offsetY": 10,    "spriteTopLeftX" : 0,    "spriteTopLeftY" : 0,    "reflected" : true  }}