{
  "id" : 0,
  "attack" : 2,
  "health" : 20,
  "animation" : "idle",
  "position" : {
    "xpos" : 0,
    "ypos" : 0,
    "tilex" : 0,
    "tiley" : 0
  },
  "animations" : {
    "allFrames" : [ "f4_3rdgeneral_attack_000.png",
"f4_3rdgeneral_attack_001.png",
"f4_3rdgeneral_attack_002.png",
"f4_3rdgeneral_attack_003.png",
"f4_3rdgeneral_attack_004.png",
"f4_3rdgeneral_attack_005.png",
"f4_3rdgeneral_attack_006.png",
"f4_3rdgeneral_attack_007.png",
"f4_3rdgeneral_attack_008.png",
"f4_3rdgeneral_attack_009.png",
"f4_3rdgeneral_attack_010.png",
"f4_3rdgeneral_attack_011.png",
"f4_3rdgeneral_attack_012.png",
"f4_3rdgeneral_attack_013.png",
"f4_3rdgeneral_attack_014.png",
"f4_3rdgeneral_attack_015.png",
"f4_3rdgeneral_attack_016.png",
"f4_3rdgeneral_attack_017.png",
"f4_3rdgeneral_attack_018.png",
"f4_3rdgeneral_attack_019.png",
"f4_3rdgeneral_attack_020.png",
"f4_3rdgeneral_attack_021.png",
"f4_3rdgeneral_attack_022.png",
"f4_3rdgeneral_attack_023.png",
"f4_3rdgeneral_attack_024.png",
"f4_3rdgeneral_attack_025.png",
"f4_3rdgeneral_attack_026.png",
"f4_3rdgeneral_attack_027.png",
"f4_3rdgeneral_attack_028.png",
"f4_3rdgeneral_attack_029.png",
"f4_3rdgeneral_attack_030.png",
"f4_3rdgeneral_attack_031.png",
"f4_3rdgeneral_attack_032.png",
"f4_3rdgeneral_breathing_000.png",
"f4_3rdgeneral_breathing_001.png",
"f4_3rdgeneral_breathing_002.png",
"f4_3rdgeneral_breathing_003.png",
"f4_3rdgeneral_breathing_004.png",
"f4_3rdgeneral_breathing_005.png",
"f4_3rdgeneral_breathing_006.png",
"f4_3rdgeneral_breathing_007.png",
"f4_3rdgeneral_breathing_008.png",
"f4_3rdgeneral_breathing_009.png",
"f4_3rdgeneral_breathing_010.png",
"f4_3rdgeneral_breathing_011.png",
"f4_3rdgeneral_breathing_012.png",
"f4_3rdgeneral_breathing_013.png",
"f4_3rdgeneral_cast_000.png",
"f4_3rdgeneral_cast_001.png",
"f4_3rdgeneral_cast_002.png",
"f4_3rdgeneral_cast_003.png",
"f4_3rdgeneral_cast_004.png",
"f4_3rdgeneral_cast_005.png",
"f4_3rdgeneral_cast_006.png",
"f4_3rdgeneral_cast_007.png",
"f4_3rdgeneral_cast_008.png",
"f4_3rdgeneral_cast_009.png",
"f4_3rdgeneral_cast_010.png",
"f4_3rdgeneral_cast_011.png",
"f4_3rdgeneral_cast_012.png",
"f4_3rdgeneral_cast_013.png",
"f4_3rdgeneral_cast_014.png",
"f4_3rdgeneral_cast_015.png",
"f4_3rdgeneral_cast_016.png",
"f4_3rdgeneral_castend_000.png",
"f4_3rdgeneral_castend_001.png",
"f4_3rdgeneral_castend_002.png",
"f4_3rdgeneral_castend_003.png",
"f4_3rdgeneral_castend_004.png",
"f4_3rdgeneral_castloop_000.png",
"f4_3rdgeneral_castloop_001.png",
"f4_3rdgeneral_castloop_002.png",
"f4_3rdgeneral_castloop_003.png",
"f4_3rdgeneral_caststart_000.png",
"f4_3rdgeneral_caststart_001.png",
"f4_3rdgeneral_caststart_002.png",
"f4_3rdgeneral_caststart_003.png",
"f4_3rdgeneral_caststart_004.png",
"f4_3rdgeneral_death_000.png",
"f4_3rdgeneral_death_001.png",
"f4_3rdgeneral_death_002.png",
"f4_3rdgeneral_death_003.png",
"f4_3rdgeneral_death_004.png",
"f4_3rdgeneral_death_005.png",
"f4_3rdgeneral_death_006.png",
"f4_3rdgeneral_death_007.png",
"f4_3rdgeneral_death_008.png",
"f4_3rdgeneral_death_009.png",
"f4_3rdgeneral_death_010.png",
"f4_3rdgeneral_hit_000.png",
"f4_3rdgeneral_hit_001.png",
"f4_3rdgeneral_hit_002.png",
"f4_3rdgeneral_idle_000.png",
"f4_3rdgeneral_idle_001.png",
"f4_3rdgeneral_idle_002.png",
"f4_3rdgeneral_idle_003.png",
"f4_3rdgeneral_idle_004.png",
"f4_3rdgeneral_idle_005.png",
"f4_3rdgeneral_idle_006.png",
"f4_3rdgeneral_idle_007.png",
"f4_3rdgeneral_idle_008.png",
"f4_3rdgeneral_idle_009.png",
"f4_3rdgeneral_idle_010.png",
"f4_3rdgeneral_idle_011.png",
"f4_3rdgeneral_idle_012.png",
"f4_3rdgeneral_idle_013.png",
"f4_3rdgeneral_idle_014.png",
"f4_3rdgeneral_idle_015.png",
"f4_3rdgeneral_run_000.png",
"f4_3rdgeneral_run_001.png",
"f4_3rdgeneral_run_002.png",
"f4_3rdgeneral_run_003.png",
"f4_3rdgeneral_run_004.png",
"f4_3rdgeneral_run_005.png",
"f4_3rdgeneral_run_006.png",
"f4_3rdgeneral_run_007.png",
"f4_3rdgeneral_run_008.png",
"f4_3rdgeneral_run_009.png" ],
    "frameDIR": "assets/game/extra/units/f4_3rdgeneral/",
    "idle" : {
      "frameStartEndIndices" : [ 92, 107 ],
      "fps" : 8,
      "loop" : true
    },
    "death" : {
      "frameStartEndIndices" : [ 78, 88 ],
      "fps" : 8,
      "loop" : false
    },
    "attack" : {
      "frameStartEndIndices" : [ 0, 32 ],
      "fps" : 20,
      "loop" : false
    },
    "move" : {
      "frameStartEndIndices" : [ 108, 117 ],
      "fps" : 8,
      "loop" : true
    },
    "channel" : {
      "frameStartEndIndices" : [ 69, 72 ],
      "fps" : 8,
      "loop" : true
    },
    "hit" : {
      "frameStartEndIndices" : [ 89, 90 ],
      "fps" : 8,
      "loop" : false
    }
  },
  "correction" : {
    "imgWidth" : 130,
    "imgHeight" : 130,
	"scale": 1.5,
    "offsetX": -40,
    "offsetY": -60,
    "spriteTopLeftX" : 0,
    "spriteTopLeftY" : 0,
    "reflected" : false
  }
}